{
  "project_info": {
    "project_number": "47114221991",
    "project_id": "food-donation-app-2ccd8",
    "storage_bucket": "food-donation-app-2ccd8.appspot.com"
  },
  "client": [
    {
      "client_info": {
        "mobilesdk_app_id": "1:47114221991:android:83686dd104a874f1a09e82",
        "android_client_info": {
          "package_name": "com.bhanu.foodapplication"
        }
      },
      "oauth_client": [],
      "api_key": [
        {
          "current_key": "AIzaSyC8FpvCehMW2_MVRf-1MwetXfyPjV0uta8"
        }
      ],
      "services": {
        "appinvite_service": {
          "other_platform_oauth_client": []
        }
      }
    },
    {
      "client_info": {
        "mobilesdk_app_id": "1:47114221991:android:bc18d028028de757a09e82",
        "android_client_info": {
          "package_name": "com.papayacoders.foodapplication"
        }
      },
      "oauth_client": [],
      "api_key": [
        {
          "current_key": "AIzaSyC8FpvCehMW2_MVRf-1MwetXfyPjV0uta8"
        }
      ],
      "services": {
        "appinvite_service": {
          "other_platform_oauth_client": []
        }
      }
    }
  ],
  "configuration_version": "1"
}